{
  "additional_special_tokens": [
    "<role>",
    "</role>",
    "<|arithmetic_start|>",
    "<|arithmetic_end|>",
    "<|number_start|>",
    "<|number_end|>"
  ],
  "bos_token": {
    "content": "<|startoftext|>",
    "lstrip": false,
    "normalized": false,
    "rstrip": false,
    "single_word": false
  },
  "cls_token": {
    "content": "[CLS]",
    "lstrip": false,
    "normalized": false,
    "rstrip": false,
    "single_word": false
  },
  "eos_token": {
    "content": "<|endoftext|>",
    "lstrip": false,
    "normalized": false,
    "rstrip": false,
    "single_word": false
  },
  "pad_token": {
    "content": "<|endoftext|>",
    "lstrip": false,
    "normalized": false,
    "rstrip": false,
    "single_word": false
  }
}
