{
    "add_bos_token": false,
    "add_eos_token": false,
    "added_tokens_decoder": {
      "126080": {
        "content": "<|startoftext|>",
        "lstrip": false,
        "normalized": false,
        "rstrip": false,
        "single_word": false,
        "special": true
      },
      "126081": {
        "content": "<|endoftext|>",
        "lstrip": false,
        "normalized": false,
        "rstrip": false,
        "single_word": false,
        "special": true
      },
      "126082": {
        "content": "[CLS]",
        "lstrip": false,
        "normalized": false,
        "rstrip": false,
        "single_word": false,
        "special": true
      },
      "126083": {
        "content": "[gMASK]",
        "lstrip": false,
        "normalized": false,
        "rstrip": false,
        "single_word": false,
        "special": true
      },
      "126084": {
        "content": "<|reserved_token_0|>",
        "lstrip": false,
        "normalized": false,
        "rstrip": false,
        "single_word": false,
        "special": true
      },
      "126085": {
        "content": "<|reserved_token_1|>",
        "lstrip": false,
        "normalized": false,
        "rstrip": false,
        "single_word": false,
        "special": true
      },
      "126086": {
        "content": "<|reserved_token_2|>",
        "lstrip": false,
        "normalized": false,
        "rstrip": false,
        "single_word": false,
        "special": true
      },
      "126087": {
        "content": "<|reserved_token_3|>",
        "lstrip": false,
        "normalized": false,
        "rstrip": false,
        "single_word": false,
        "special": true
      },
      "126088": {
        "content": "<|reserved_token_4|>",
        "lstrip": false,
        "normalized": false,
        "rstrip": false,
        "single_word": false,
        "special": true
      },
      "126089": {
        "content": "<|reserved_token_5|>",
        "lstrip": false,
        "normalized": false,
        "rstrip": false,
        "single_word": false,
        "special": true
      },
      "126090": {
        "content": "<|reserved_token_6|>",
        "lstrip": false,
        "normalized": false,
        "rstrip": false,
        "single_word": false,
        "special": true
      },
      "126091": {
        "content": "<|reserved_token_7|>",
        "lstrip": false,
        "normalized": false,
        "rstrip": false,
        "single_word": false,
        "special": true
      },
      "126092": {
        "content": "<|reserved_token_8|>",
        "lstrip": false,
        "normalized": false,
        "rstrip": false,
        "single_word": false,
        "special": true
      },
      "126093": {
        "content": "<|reserved_token_9|>",
        "lstrip": false,
        "normalized": false,
        "rstrip": false,
        "single_word": false,
        "special": true
      },
      "126094": {
        "content": "<|reserved_token_10|>",
        "lstrip": false,
        "normalized": false,
        "rstrip": false,
        "single_word": false,
        "special": true
      },
      "126095": {
        "content": "<|reserved_token_11|>",
        "lstrip": false,
        "normalized": false,
        "rstrip": false,
        "single_word": false,
        "special": true
      },
      "126096": {
        "content": "<|reserved_token_12|>",
        "lstrip": false,
        "normalized": false,
        "rstrip": false,
        "single_word": false,
        "special": true
      },
      "126097": {
        "content": "<|reserved_token_13|>",
        "lstrip": false,
        "normalized": false,
        "rstrip": false,
        "single_word": false,
        "special": true
      },
      "126098": {
        "content": "<|reserved_token_14|>",
        "lstrip": false,
        "normalized": false,
        "rstrip": false,
        "single_word": false,
        "special": true
      },
      "126099": {
        "content": "<|reserved_token_15|>",
        "lstrip": false,
        "normalized": false,
        "rstrip": false,
        "single_word": false,
        "special": true
      },
      "126100": {
        "content": "<|reserved_token_16|>",
        "lstrip": false,
        "normalized": false,
        "rstrip": false,
        "single_word": false,
        "special": true
      },
      "126101": {
        "content": "<|reserved_token_17|>",
        "lstrip": false,
        "normalized": false,
        "rstrip": false,
        "single_word": false,
        "special": true
      },
      "126102": {
        "content": "<|reserved_token_18|>",
        "lstrip": false,
        "normalized": false,
        "rstrip": false,
        "single_word": false,
        "special": true
      },
      "126103": {
        "content": "<|reserved_token_19|>",
        "lstrip": false,
        "normalized": false,
        "rstrip": false,
        "single_word": false,
        "special": true
      },
      "126104": {
        "content": "<|reserved_token_20|>",
        "lstrip": false,
        "normalized": false,
        "rstrip": false,
        "single_word": false,
        "special": true
      },
      "126105": {
        "content": "<|reserved_token_21|>",
        "lstrip": false,
        "normalized": false,
        "rstrip": false,
        "single_word": false,
        "special": true
      },
      "126106": {
        "content": "<|reserved_token_22|>",
        "lstrip": false,
        "normalized": false,
        "rstrip": false,
        "single_word": false,
        "special": true
      },
      "126107": {
        "content": "<|reserved_token_23|>",
        "lstrip": false,
        "normalized": false,
        "rstrip": false,
        "single_word": false,
        "special": true
      },
      "126108": {
        "content": "<|reserved_token_24|>",
        "lstrip": false,
        "normalized": false,
        "rstrip": false,
        "single_word": false,
        "special": true
      },
      "126109": {
        "content": "<|reserved_token_25|>",
        "lstrip": false,
        "normalized": false,
        "rstrip": false,
        "single_word": false,
        "special": true
      },
      "126110": {
        "content": "<|reserved_token_26|>",
        "lstrip": false,
        "normalized": false,
        "rstrip": false,
        "single_word": false,
        "special": true
      },
      "126111": {
        "content": "<|reserved_token_27|>",
        "lstrip": false,
        "normalized": false,
        "rstrip": false,
        "single_word": false,
        "special": true
      },
      "126112": {
        "content": "<|reserved_token_28|>",
        "lstrip": false,
        "normalized": false,
        "rstrip": false,
        "single_word": false,
        "special": true
      },
      "126113": {
        "content": "<|reserved_token_29|>",
        "lstrip": false,
        "normalized": false,
        "rstrip": false,
        "single_word": false,
        "special": true
      },
      "126114": {
        "content": "<|reserved_token_30|>",
        "lstrip": false,
        "normalized": false,
        "rstrip": false,
        "single_word": false,
        "special": true
      },
      "126115": {
        "content": "<|reserved_token_31|>",
        "lstrip": false,
        "normalized": false,
        "rstrip": false,
        "single_word": false,
        "special": true
      },
      "126116": {
        "content": "<|reserved_token_32|>",
        "lstrip": false,
        "normalized": false,
        "rstrip": false,
        "single_word": false,
        "special": true
      },
      "126117": {
        "content": "<|reserved_token_33|>",
        "lstrip": false,
        "normalized": false,
        "rstrip": false,
        "single_word": false,
        "special": true
      },
      "126118": {
        "content": "<|reserved_token_34|>",
        "lstrip": false,
        "normalized": false,
        "rstrip": false,
        "single_word": false,
        "special": true
      },
      "126119": {
        "content": "<|reserved_token_35|>",
        "lstrip": false,
        "normalized": false,
        "rstrip": false,
        "single_word": false,
        "special": true
      },
      "126120": {
        "content": "<|reserved_token_36|>",
        "lstrip": false,
        "normalized": false,
        "rstrip": false,
        "single_word": false,
        "special": true
      },
      "126121": {
        "content": "<|reserved_token_37|>",
        "lstrip": false,
        "normalized": false,
        "rstrip": false,
        "single_word": false,
        "special": true
      },
      "126122": {
        "content": "<|reserved_token_38|>",
        "lstrip": false,
        "normalized": false,
        "rstrip": false,
        "single_word": false,
        "special": true
      },
      "126123": {
        "content": "<|reserved_token_39|>",
        "lstrip": false,
        "normalized": false,
        "rstrip": false,
        "single_word": false,
        "special": true
      },
      "126124": {
        "content": "<|reserved_token_40|>",
        "lstrip": false,
        "normalized": false,
        "rstrip": false,
        "single_word": false,
        "special": true
      },
      "126125": {
        "content": "<|reserved_token_41|>",
        "lstrip": false,
        "normalized": false,
        "rstrip": false,
        "single_word": false,
        "special": true
      },
      "126126": {
        "content": "<|reserved_token_42|>",
        "lstrip": false,
        "normalized": false,
        "rstrip": false,
        "single_word": false,
        "special": true
      },
      "126127": {
        "content": "<|reserved_token_43|>",
        "lstrip": false,
        "normalized": false,
        "rstrip": false,
        "single_word": false,
        "special": true
      },
      "126128": {
        "content": "<|reserved_token_44|>",
        "lstrip": false,
        "normalized": false,
        "rstrip": false,
        "single_word": false,
        "special": true
      },
      "126129": {
        "content": "<|reserved_token_45|>",
        "lstrip": false,
        "normalized": false,
        "rstrip": false,
        "single_word": false,
        "special": true
      },
      "126130": {
        "content": "<|reserved_token_46|>",
        "lstrip": false,
        "normalized": false,
        "rstrip": false,
        "single_word": false,
        "special": true
      },
      "126131": {
        "content": "<|reserved_token_47|>",
        "lstrip": false,
        "normalized": false,
        "rstrip": false,
        "single_word": false,
        "special": true
      },
      "126132": {
        "content": "<|reserved_token_48|>",
        "lstrip": false,
        "normalized": false,
        "rstrip": false,
        "single_word": false,
        "special": true
      },
      "126133": {
        "content": "<|reserved_token_49|>",
        "lstrip": false,
        "normalized": false,
        "rstrip": false,
        "single_word": false,
        "special": true
      },
      "126134": {
        "content": "<|reserved_token_50|>",
        "lstrip": false,
        "normalized": false,
        "rstrip": false,
        "single_word": false,
        "special": true
      },
      "126135": {
        "content": "<|reserved_token_51|>",
        "lstrip": false,
        "normalized": false,
        "rstrip": false,
        "single_word": false,
        "special": true
      },
      "126136": {
        "content": "<|reserved_token_52|>",
        "lstrip": false,
        "normalized": false,
        "rstrip": false,
        "single_word": false,
        "special": true
      },
      "126137": {
        "content": "<|reserved_token_53|>",
        "lstrip": false,
        "normalized": false,
        "rstrip": false,
        "single_word": false,
        "special": true
      },
      "126138": {
        "content": "<|reserved_token_54|>",
        "lstrip": false,
        "normalized": false,
        "rstrip": false,
        "single_word": false,
        "special": true
      },
      "126139": {
        "content": "<|reserved_token_55|>",
        "lstrip": false,
        "normalized": false,
        "rstrip": false,
        "single_word": false,
        "special": true
      },
      "126140": {
        "content": "<|reserved_token_56|>",
        "lstrip": false,
        "normalized": false,
        "rstrip": false,
        "single_word": false,
        "special": true
      },
      "126141": {
        "content": "<|reserved_token_57|>",
        "lstrip": false,
        "normalized": false,
        "rstrip": false,
        "single_word": false,
        "special": true
      },
      "126142": {
        "content": "<|reserved_token_58|>",
        "lstrip": false,
        "normalized": false,
        "rstrip": false,
        "single_word": false,
        "special": true
      },
      "126143": {
        "content": "<|reserved_token_59|>",
        "lstrip": false,
        "normalized": false,
        "rstrip": false,
        "single_word": false,
        "special": true
      },
      "126144": {
        "content": "<|reserved_token_60|>",
        "lstrip": false,
        "normalized": false,
        "rstrip": false,
        "single_word": false,
        "special": true
      },
      "126145": {
        "content": "<|reserved_token_61|>",
        "lstrip": false,
        "normalized": false,
        "rstrip": false,
        "single_word": false,
        "special": true
      },
      "126146": {
        "content": "<|reserved_token_62|>",
        "lstrip": false,
        "normalized": false,
        "rstrip": false,
        "single_word": false,
        "special": true
      },
      "126147": {
        "content": "<|reserved_token_63|>",
        "lstrip": false,
        "normalized": false,
        "rstrip": false,
        "single_word": false,
        "special": true
      },
      "126148": {
        "content": "<|reserved_token_64|>",
        "lstrip": false,
        "normalized": false,
        "rstrip": false,
        "single_word": false,
        "special": true
      },
      "126149": {
        "content": "<|reserved_token_65|>",
        "lstrip": false,
        "normalized": false,
        "rstrip": false,
        "single_word": false,
        "special": true
      },
      "126150": {
        "content": "<|reserved_token_66|>",
        "lstrip": false,
        "normalized": false,
        "rstrip": false,
        "single_word": false,
        "special": true
      },
      "126151": {
        "content": "<|reserved_token_67|>",
        "lstrip": false,
        "normalized": false,
        "rstrip": false,
        "single_word": false,
        "special": true
      },
      "126152": {
        "content": "<|reserved_token_68|>",
        "lstrip": false,
        "normalized": false,
        "rstrip": false,
        "single_word": false,
        "special": true
      },
      "126153": {
        "content": "<|reserved_token_69|>",
        "lstrip": false,
        "normalized": false,
        "rstrip": false,
        "single_word": false,
        "special": true
      },
      "126154": {
        "content": "<|reserved_token_70|>",
        "lstrip": false,
        "normalized": false,
        "rstrip": false,
        "single_word": false,
        "special": true
      },
      "126155": {
        "content": "<|reserved_token_71|>",
        "lstrip": false,
        "normalized": false,
        "rstrip": false,
        "single_word": false,
        "special": true
      },
      "126156": {
        "content": "<|reserved_token_72|>",
        "lstrip": false,
        "normalized": false,
        "rstrip": false,
        "single_word": false,
        "special": true
      },
      "126157": {
        "content": "<|reserved_token_73|>",
        "lstrip": false,
        "normalized": false,
        "rstrip": false,
        "single_word": false,
        "special": true
      },
      "126158": {
        "content": "<|reserved_token_74|>",
        "lstrip": false,
        "normalized": false,
        "rstrip": false,
        "single_word": false,
        "special": true
      },
      "126159": {
        "content": "<|reserved_token_75|>",
        "lstrip": false,
        "normalized": false,
        "rstrip": false,
        "single_word": false,
        "special": true
      },
      "126160": {
        "content": "<|reserved_token_76|>",
        "lstrip": false,
        "normalized": false,
        "rstrip": false,
        "single_word": false,
        "special": true
      },
      "126161": {
        "content": "<|reserved_token_77|>",
        "lstrip": false,
        "normalized": false,
        "rstrip": false,
        "single_word": false,
        "special": true
      },
      "126162": {
        "content": "<|reserved_token_78|>",
        "lstrip": false,
        "normalized": false,
        "rstrip": false,
        "single_word": false,
        "special": true
      },
      "126163": {
        "content": "<|reserved_token_79|>",
        "lstrip": false,
        "normalized": false,
        "rstrip": false,
        "single_word": false,
        "special": true
      },
      "126164": {
        "content": "<|reserved_token_80|>",
        "lstrip": false,
        "normalized": false,
        "rstrip": false,
        "single_word": false,
        "special": true
      },
      "126165": {
        "content": "<|reserved_token_81|>",
        "lstrip": false,
        "normalized": false,
        "rstrip": false,
        "single_word": false,
        "special": true
      },
      "126166": {
        "content": "<|reserved_token_82|>",
        "lstrip": false,
        "normalized": false,
        "rstrip": false,
        "single_word": false,
        "special": true
      },
      "126167": {
        "content": "<|reserved_token_83|>",
        "lstrip": false,
        "normalized": false,
        "rstrip": false,
        "single_word": false,
        "special": true
      },
      "126168": {
        "content": "<|reserved_token_84|>",
        "lstrip": false,
        "normalized": false,
        "rstrip": false,
        "single_word": false,
        "special": true
      },
      "126169": {
        "content": "<|reserved_token_85|>",
        "lstrip": false,
        "normalized": false,
        "rstrip": false,
        "single_word": false,
        "special": true
      },
      "126170": {
        "content": "<|reserved_token_86|>",
        "lstrip": false,
        "normalized": false,
        "rstrip": false,
        "single_word": false,
        "special": true
      },
      "126171": {
        "content": "<|reserved_token_87|>",
        "lstrip": false,
        "normalized": false,
        "rstrip": false,
        "single_word": false,
        "special": true
      },
      "126172": {
        "content": "<|reserved_token_88|>",
        "lstrip": false,
        "normalized": false,
        "rstrip": false,
        "single_word": false,
        "special": true
      },
      "126173": {
        "content": "<|reserved_token_89|>",
        "lstrip": false,
        "normalized": false,
        "rstrip": false,
        "single_word": false,
        "special": true
      },
      "126174": {
        "content": "<|reserved_token_90|>",
        "lstrip": false,
        "normalized": false,
        "rstrip": false,
        "single_word": false,
        "special": true
      },
      "126175": {
        "content": "<|reserved_token_91|>",
        "lstrip": false,
        "normalized": false,
        "rstrip": false,
        "single_word": false,
        "special": true
      },
      "126176": {
        "content": "<|reserved_token_92|>",
        "lstrip": false,
        "normalized": false,
        "rstrip": false,
        "single_word": false,
        "special": true
      },
      "126177": {
        "content": "<|reserved_token_93|>",
        "lstrip": false,
        "normalized": false,
        "rstrip": false,
        "single_word": false,
        "special": true
      },
      "126178": {
        "content": "<|reserved_token_94|>",
        "lstrip": false,
        "normalized": false,
        "rstrip": false,
        "single_word": false,
        "special": true
      },
      "126179": {
        "content": "<|reserved_token_95|>",
        "lstrip": false,
        "normalized": false,
        "rstrip": false,
        "single_word": false,
        "special": true
      },
      "126180": {
        "content": "<|reserved_token_96|>",
        "lstrip": false,
        "normalized": false,
        "rstrip": false,
        "single_word": false,
        "special": true
      },
      "126181": {
        "content": "<|reserved_token_97|>",
        "lstrip": false,
        "normalized": false,
        "rstrip": false,
        "single_word": false,
        "special": true
      },
      "126182": {
        "content": "<|reserved_token_98|>",
        "lstrip": false,
        "normalized": false,
        "rstrip": false,
        "single_word": false,
        "special": true
      },
      "126183": {
        "content": "<|reserved_token_99|>",
        "lstrip": false,
        "normalized": false,
        "rstrip": false,
        "single_word": false,
        "special": true
      },
      "126184": {
        "content": "<|reserved_token_100|>",
        "lstrip": false,
        "normalized": false,
        "rstrip": false,
        "single_word": false,
        "special": true
      },
      "126185": {
        "content": "<|reserved_token_101|>",
        "lstrip": false,
        "normalized": false,
        "rstrip": false,
        "single_word": false,
        "special": true
      },
      "126186": {
        "content": "<|reserved_token_102|>",
        "lstrip": false,
        "normalized": false,
        "rstrip": false,
        "single_word": false,
        "special": true
      },
      "126187": {
        "content": "<|reserved_token_103|>",
        "lstrip": false,
        "normalized": false,
        "rstrip": false,
        "single_word": false,
        "special": true
      },
      "126188": {
        "content": "<|reserved_token_104|>",
        "lstrip": false,
        "normalized": false,
        "rstrip": false,
        "single_word": false,
        "special": true
      },
      "126189": {
        "content": "<|reserved_token_105|>",
        "lstrip": false,
        "normalized": false,
        "rstrip": false,
        "single_word": false,
        "special": true
      },
      "126190": {
        "content": "<|reserved_token_106|>",
        "lstrip": false,
        "normalized": false,
        "rstrip": false,
        "single_word": false,
        "special": true
      },
      "126191": {
        "content": "<|reserved_token_107|>",
        "lstrip": false,
        "normalized": false,
        "rstrip": false,
        "single_word": false,
        "special": true
      },
      "126192": {
        "content": "<|reserved_token_108|>",
        "lstrip": false,
        "normalized": false,
        "rstrip": false,
        "single_word": false,
        "special": true
      },
      "126193": {
        "content": "<|reserved_token_109|>",
        "lstrip": false,
        "normalized": false,
        "rstrip": false,
        "single_word": false,
        "special": true
      },
      "126194": {
        "content": "<|reserved_token_110|>",
        "lstrip": false,
        "normalized": false,
        "rstrip": false,
        "single_word": false,
        "special": true
      },
      "126195": {
        "content": "<|reserved_token_111|>",
        "lstrip": false,
        "normalized": false,
        "rstrip": false,
        "single_word": false,
        "special": true
      },
      "126196": {
        "content": "<|reserved_token_112|>",
        "lstrip": false,
        "normalized": false,
        "rstrip": false,
        "single_word": false,
        "special": true
      },
      "126197": {
        "content": "<|reserved_token_113|>",
        "lstrip": false,
        "normalized": false,
        "rstrip": false,
        "single_word": false,
        "special": true
      },
      "126198": {
        "content": "<|reserved_token_114|>",
        "lstrip": false,
        "normalized": false,
        "rstrip": false,
        "single_word": false,
        "special": true
      },
      "126199": {
        "content": "<|reserved_token_115|>",
        "lstrip": false,
        "normalized": false,
        "rstrip": false,
        "single_word": false,
        "special": true
      },
      "126200": {
        "content": "<|reserved_token_116|>",
        "lstrip": false,
        "normalized": false,
        "rstrip": false,
        "single_word": false,
        "special": true
      },
      "126201": {
        "content": "<|reserved_token_117|>",
        "lstrip": false,
        "normalized": false,
        "rstrip": false,
        "single_word": false,
        "special": true
      },
      "126202": {
        "content": "<|reserved_token_118|>",
        "lstrip": false,
        "normalized": false,
        "rstrip": false,
        "single_word": false,
        "special": true
      },
      "126203": {
        "content": "<|reserved_token_119|>",
        "lstrip": false,
        "normalized": false,
        "rstrip": false,
        "single_word": false,
        "special": true
      },
      "126204": {
        "content": "<|reserved_token_120|>",
        "lstrip": false,
        "normalized": false,
        "rstrip": false,
        "single_word": false,
        "special": true
      },
      "126205": {
        "content": "<|reserved_token_121|>",
        "lstrip": false,
        "normalized": false,
        "rstrip": false,
        "single_word": false,
        "special": true
      },
      "126206": {
        "content": "<|reserved_token_122|>",
        "lstrip": false,
        "normalized": false,
        "rstrip": false,
        "single_word": false,
        "special": true
      },
      "126207": {
        "content": "<|reserved_token_123|>",
        "lstrip": false,
        "normalized": false,
        "rstrip": false,
        "single_word": false,
        "special": true
      },
      "126208": {
        "content": "<|reserved_token_124|>",
        "lstrip": false,
        "normalized": false,
        "rstrip": false,
        "single_word": false,
        "special": true
      },
      "126209": {
        "content": "<|reserved_token_125|>",
        "lstrip": false,
        "normalized": false,
        "rstrip": false,
        "single_word": false,
        "special": true
      },
      "126210": {
        "content": "<|reserved_token_126|>",
        "lstrip": false,
        "normalized": false,
        "rstrip": false,
        "single_word": false,
        "special": true
      },
      "126211": {
        "content": "<|reserved_token_127|>",
        "lstrip": false,
        "normalized": false,
        "rstrip": false,
        "single_word": false,
        "special": true
      },
      "126212": {
        "content": "<|reserved_token_128|>",
        "lstrip": false,
        "normalized": false,
        "rstrip": false,
        "single_word": false,
        "special": true
      },
      "126213": {
        "content": "<|reserved_token_129|>",
        "lstrip": false,
        "normalized": false,
        "rstrip": false,
        "single_word": false,
        "special": true
      },
      "126214": {
        "content": "<|reserved_token_130|>",
        "lstrip": false,
        "normalized": false,
        "rstrip": false,
        "single_word": false,
        "special": true
      },
      "126215": {
        "content": "<|reserved_token_131|>",
        "lstrip": false,
        "normalized": false,
        "rstrip": false,
        "single_word": false,
        "special": true
      },
      "126216": {
        "content": "<|reserved_token_132|>",
        "lstrip": false,
        "normalized": false,
        "rstrip": false,
        "single_word": false,
        "special": true
      },
      "126217": {
        "content": "<|reserved_token_133|>",
        "lstrip": false,
        "normalized": false,
        "rstrip": false,
        "single_word": false,
        "special": true
      },
      "126218": {
        "content": "<|reserved_token_134|>",
        "lstrip": false,
        "normalized": false,
        "rstrip": false,
        "single_word": false,
        "special": true
      },
      "126219": {
        "content": "<|reserved_token_135|>",
        "lstrip": false,
        "normalized": false,
        "rstrip": false,
        "single_word": false,
        "special": true
      },
      "126220": {
        "content": "<|reserved_token_136|>",
        "lstrip": false,
        "normalized": false,
        "rstrip": false,
        "single_word": false,
        "special": true
      },
      "126221": {
        "content": "<|reserved_token_137|>",
        "lstrip": false,
        "normalized": false,
        "rstrip": false,
        "single_word": false,
        "special": true
      },
      "126222": {
        "content": "<|reserved_token_138|>",
        "lstrip": false,
        "normalized": false,
        "rstrip": false,
        "single_word": false,
        "special": true
      },
      "126223": {
        "content": "<|reserved_token_139|>",
        "lstrip": false,
        "normalized": false,
        "rstrip": false,
        "single_word": false,
        "special": true
      },
      "126224": {
        "content": "<|reserved_token_140|>",
        "lstrip": false,
        "normalized": false,
        "rstrip": false,
        "single_word": false,
        "special": true
      },
      "126225": {
        "content": "<|reserved_token_141|>",
        "lstrip": false,
        "normalized": false,
        "rstrip": false,
        "single_word": false,
        "special": true
      },
      "126226": {
        "content": "<|reserved_token_142|>",
        "lstrip": false,
        "normalized": false,
        "rstrip": false,
        "single_word": false,
        "special": true
      },
      "126227": {
        "content": "<|reserved_token_143|>",
        "lstrip": false,
        "normalized": false,
        "rstrip": false,
        "single_word": false,
        "special": true
      },
      "126228": {
        "content": "<|reserved_token_144|>",
        "lstrip": false,
        "normalized": false,
        "rstrip": false,
        "single_word": false,
        "special": true
      },
      "126229": {
        "content": "<|reserved_token_145|>",
        "lstrip": false,
        "normalized": false,
        "rstrip": false,
        "single_word": false,
        "special": true
      },
      "126230": {
        "content": "<|reserved_token_146|>",
        "lstrip": false,
        "normalized": false,
        "rstrip": false,
        "single_word": false,
        "special": true
      },
      "126231": {
        "content": "<|reserved_token_147|>",
        "lstrip": false,
        "normalized": false,
        "rstrip": false,
        "single_word": false,
        "special": true
      },
      "126232": {
        "content": "<|reserved_token_148|>",
        "lstrip": false,
        "normalized": false,
        "rstrip": false,
        "single_word": false,
        "special": true
      },
      "126233": {
        "content": "<|reserved_token_149|>",
        "lstrip": false,
        "normalized": false,
        "rstrip": false,
        "single_word": false,
        "special": true
      },
      "126234": {
        "content": "<|reserved_token_150|>",
        "lstrip": false,
        "normalized": false,
        "rstrip": false,
        "single_word": false,
        "special": true
      },
      "126235": {
        "content": "<|reserved_token_151|>",
        "lstrip": false,
        "normalized": false,
        "rstrip": false,
        "single_word": false,
        "special": true
      },
      "126236": {
        "content": "<|reserved_token_152|>",
        "lstrip": false,
        "normalized": false,
        "rstrip": false,
        "single_word": false,
        "special": true
      },
      "126237": {
        "content": "<|reserved_token_153|>",
        "lstrip": false,
        "normalized": false,
        "rstrip": false,
        "single_word": false,
        "special": true
      },
      "126238": {
        "content": "<|reserved_token_154|>",
        "lstrip": false,
        "normalized": false,
        "rstrip": false,
        "single_word": false,
        "special": true
      },
      "126239": {
        "content": "<|reserved_token_155|>",
        "lstrip": false,
        "normalized": false,
        "rstrip": false,
        "single_word": false,
        "special": true
      },
      "126240": {
        "content": "<|reserved_token_156|>",
        "lstrip": false,
        "normalized": false,
        "rstrip": false,
        "single_word": false,
        "special": true
      },
      "126241": {
        "content": "<|reserved_token_157|>",
        "lstrip": false,
        "normalized": false,
        "rstrip": false,
        "single_word": false,
        "special": true
      },
      "126242": {
        "content": "<|reserved_token_158|>",
        "lstrip": false,
        "normalized": false,
        "rstrip": false,
        "single_word": false,
        "special": true
      },
      "126243": {
        "content": "<|reserved_token_159|>",
        "lstrip": false,
        "normalized": false,
        "rstrip": false,
        "single_word": false,
        "special": true
      },
      "126244": {
        "content": "<|reserved_token_160|>",
        "lstrip": false,
        "normalized": false,
        "rstrip": false,
        "single_word": false,
        "special": true
      },
      "126245": {
        "content": "<|reserved_token_161|>",
        "lstrip": false,
        "normalized": false,
        "rstrip": false,
        "single_word": false,
        "special": true
      },
      "126246": {
        "content": "<|reserved_token_162|>",
        "lstrip": false,
        "normalized": false,
        "rstrip": false,
        "single_word": false,
        "special": true
      },
      "126247": {
        "content": "<|reserved_token_163|>",
        "lstrip": false,
        "normalized": false,
        "rstrip": false,
        "single_word": false,
        "special": true
      },
      "126248": {
        "content": "<|reserved_token_164|>",
        "lstrip": false,
        "normalized": false,
        "rstrip": false,
        "single_word": false,
        "special": true
      },
      "126249": {
        "content": "<|reserved_token_165|>",
        "lstrip": false,
        "normalized": false,
        "rstrip": false,
        "single_word": false,
        "special": true
      },
      "126250": {
        "content": "<|reserved_token_166|>",
        "lstrip": false,
        "normalized": false,
        "rstrip": false,
        "single_word": false,
        "special": true
      },
      "126251": {
        "content": "<|reserved_token_167|>",
        "lstrip": false,
        "normalized": false,
        "rstrip": false,
        "single_word": false,
        "special": true
      },
      "126252": {
        "content": "<|reserved_token_168|>",
        "lstrip": false,
        "normalized": false,
        "rstrip": false,
        "single_word": false,
        "special": true
      },
      "126253": {
        "content": "<|reserved_token_169|>",
        "lstrip": false,
        "normalized": false,
        "rstrip": false,
        "single_word": false,
        "special": true
      },
      "126254": {
        "content": "<|reserved_token_170|>",
        "lstrip": false,
        "normalized": false,
        "rstrip": false,
        "single_word": false,
        "special": true
      },
      "126255": {
        "content": "<|reserved_token_171|>",
        "lstrip": false,
        "normalized": false,
        "rstrip": false,
        "single_word": false,
        "special": true
      },
      "126256": {
        "content": "<|reserved_token_172|>",
        "lstrip": false,
        "normalized": false,
        "rstrip": false,
        "single_word": false,
        "special": true
      },
      "126257": {
        "content": "<|reserved_token_173|>",
        "lstrip": false,
        "normalized": false,
        "rstrip": false,
        "single_word": false,
        "special": true
      },
      "126258": {
        "content": "<|reserved_token_174|>",
        "lstrip": false,
        "normalized": false,
        "rstrip": false,
        "single_word": false,
        "special": true
      },
      "126259": {
        "content": "<|reserved_token_175|>",
        "lstrip": false,
        "normalized": false,
        "rstrip": false,
        "single_word": false,
        "special": true
      },
      "126260": {
        "content": "<|reserved_token_176|>",
        "lstrip": false,
        "normalized": false,
        "rstrip": false,
        "single_word": false,
        "special": true
      },
      "126261": {
        "content": "<|reserved_token_177|>",
        "lstrip": false,
        "normalized": false,
        "rstrip": false,
        "single_word": false,
        "special": true
      },
      "126262": {
        "content": "<|reserved_token_178|>",
        "lstrip": false,
        "normalized": false,
        "rstrip": false,
        "single_word": false,
        "special": true
      },
      "126263": {
        "content": "<|reserved_token_179|>",
        "lstrip": false,
        "normalized": false,
        "rstrip": false,
        "single_word": false,
        "special": true
      },
      "126264": {
        "content": "<|reserved_token_180|>",
        "lstrip": false,
        "normalized": false,
        "rstrip": false,
        "single_word": false,
        "special": true
      },
      "126265": {
        "content": "<|reserved_token_181|>",
        "lstrip": false,
        "normalized": false,
        "rstrip": false,
        "single_word": false,
        "special": true
      },
      "126266": {
        "content": "<|reserved_token_182|>",
        "lstrip": false,
        "normalized": false,
        "rstrip": false,
        "single_word": false,
        "special": true
      },
      "126267": {
        "content": "<|reserved_token_183|>",
        "lstrip": false,
        "normalized": false,
        "rstrip": false,
        "single_word": false,
        "special": true
      },
      "126268": {
        "content": "<|reserved_token_184|>",
        "lstrip": false,
        "normalized": false,
        "rstrip": false,
        "single_word": false,
        "special": true
      },
      "126269": {
        "content": "<|reserved_token_185|>",
        "lstrip": false,
        "normalized": false,
        "rstrip": false,
        "single_word": false,
        "special": true
      },
      "126270": {
        "content": "<|reserved_token_186|>",
        "lstrip": false,
        "normalized": false,
        "rstrip": false,
        "single_word": false,
        "special": true
      },
      "126271": {
        "content": "<|reserved_token_187|>",
        "lstrip": false,
        "normalized": false,
        "rstrip": false,
        "single_word": false,
        "special": true
      },
      "126272": {
        "content": "<|reserved_token_188|>",
        "lstrip": false,
        "normalized": false,
        "rstrip": false,
        "single_word": false,
        "special": true
      },
      "126273": {
        "content": "<|reserved_token_189|>",
        "lstrip": false,
        "normalized": false,
        "rstrip": false,
        "single_word": false,
        "special": true
      },
      "126274": {
        "content": "<|reserved_token_190|>",
        "lstrip": false,
        "normalized": false,
        "rstrip": false,
        "single_word": false,
        "special": true
      },
      "126275": {
        "content": "<|reserved_token_191|>",
        "lstrip": false,
        "normalized": false,
        "rstrip": false,
        "single_word": false,
        "special": true
      },
      "126276": {
        "content": "<|reserved_token_192|>",
        "lstrip": false,
        "normalized": false,
        "rstrip": false,
        "single_word": false,
        "special": true
      },
      "126277": {
        "content": "<|reserved_token_193|>",
        "lstrip": false,
        "normalized": false,
        "rstrip": false,
        "single_word": false,
        "special": true
      },
      "126278": {
        "content": "<|reserved_token_194|>",
        "lstrip": false,
        "normalized": false,
        "rstrip": false,
        "single_word": false,
        "special": true
      },
      "126279": {
        "content": "<|reserved_token_195|>",
        "lstrip": false,
        "normalized": false,
        "rstrip": false,
        "single_word": false,
        "special": true
      },
      "126280": {
        "content": "<|reserved_token_196|>",
        "lstrip": false,
        "normalized": false,
        "rstrip": false,
        "single_word": false,
        "special": true
      },
      "126281": {
        "content": "<|reserved_token_197|>",
        "lstrip": false,
        "normalized": false,
        "rstrip": false,
        "single_word": false,
        "special": true
      },
      "126282": {
        "content": "<|reserved_token_198|>",
        "lstrip": false,
        "normalized": false,
        "rstrip": false,
        "single_word": false,
        "special": true
      },
      "126283": {
        "content": "<|reserved_token_199|>",
        "lstrip": false,
        "normalized": false,
        "rstrip": false,
        "single_word": false,
        "special": true
      },
      "126284": {
        "content": "<|reserved_token_200|>",
        "lstrip": false,
        "normalized": false,
        "rstrip": false,
        "single_word": false,
        "special": true
      },
      "126285": {
        "content": "<|reserved_token_201|>",
        "lstrip": false,
        "normalized": false,
        "rstrip": false,
        "single_word": false,
        "special": true
      },
      "126286": {
        "content": "<|reserved_token_202|>",
        "lstrip": false,
        "normalized": false,
        "rstrip": false,
        "single_word": false,
        "special": true
      },
      "126287": {
        "content": "<|reserved_token_203|>",
        "lstrip": false,
        "normalized": false,
        "rstrip": false,
        "single_word": false,
        "special": true
      },
      "126288": {
        "content": "<|reserved_token_204|>",
        "lstrip": false,
        "normalized": false,
        "rstrip": false,
        "single_word": false,
        "special": true
      },
      "126289": {
        "content": "<|reserved_token_205|>",
        "lstrip": false,
        "normalized": false,
        "rstrip": false,
        "single_word": false,
        "special": true
      },
      "126290": {
        "content": "<|reserved_token_206|>",
        "lstrip": false,
        "normalized": false,
        "rstrip": false,
        "single_word": false,
        "special": true
      },
      "126291": {
        "content": "<|reserved_token_207|>",
        "lstrip": false,
        "normalized": false,
        "rstrip": false,
        "single_word": false,
        "special": true
      },
      "126292": {
        "content": "<|reserved_token_208|>",
        "lstrip": false,
        "normalized": false,
        "rstrip": false,
        "single_word": false,
        "special": true
      },
      "126293": {
        "content": "<|reserved_token_209|>",
        "lstrip": false,
        "normalized": false,
        "rstrip": false,
        "single_word": false,
        "special": true
      },
      "126294": {
        "content": "<|reserved_token_210|>",
        "lstrip": false,
        "normalized": false,
        "rstrip": false,
        "single_word": false,
        "special": true
      },
      "126295": {
        "content": "<|reserved_token_211|>",
        "lstrip": false,
        "normalized": false,
        "rstrip": false,
        "single_word": false,
        "special": true
      },
      "126296": {
        "content": "<|reserved_token_212|>",
        "lstrip": false,
        "normalized": false,
        "rstrip": false,
        "single_word": false,
        "special": true
      },
      "126297": {
        "content": "<|reserved_token_213|>",
        "lstrip": false,
        "normalized": false,
        "rstrip": false,
        "single_word": false,
        "special": true
      },
      "126298": {
        "content": "<|reserved_token_214|>",
        "lstrip": false,
        "normalized": false,
        "rstrip": false,
        "single_word": false,
        "special": true
      },
      "126299": {
        "content": "<|reserved_token_215|>",
        "lstrip": false,
        "normalized": false,
        "rstrip": false,
        "single_word": false,
        "special": true
      },
      "126300": {
        "content": "<|reserved_token_216|>",
        "lstrip": false,
        "normalized": false,
        "rstrip": false,
        "single_word": false,
        "special": true
      },
      "126301": {
        "content": "<|reserved_token_217|>",
        "lstrip": false,
        "normalized": false,
        "rstrip": false,
        "single_word": false,
        "special": true
      },
      "126302": {
        "content": "<|reserved_token_218|>",
        "lstrip": false,
        "normalized": false,
        "rstrip": false,
        "single_word": false,
        "special": true
      },
      "126303": {
        "content": "<|reserved_token_219|>",
        "lstrip": false,
        "normalized": false,
        "rstrip": false,
        "single_word": false,
        "special": true
      },
      "126304": {
        "content": "<|reserved_token_220|>",
        "lstrip": false,
        "normalized": false,
        "rstrip": false,
        "single_word": false,
        "special": true
      },
      "126305": {
        "content": "<|reserved_token_221|>",
        "lstrip": false,
        "normalized": false,
        "rstrip": false,
        "single_word": false,
        "special": true
      },
      "126306": {
        "content": "<|reserved_token_222|>",
        "lstrip": false,
        "normalized": false,
        "rstrip": false,
        "single_word": false,
        "special": true
      },
      "126307": {
        "content": "<|reserved_token_223|>",
        "lstrip": false,
        "normalized": false,
        "rstrip": false,
        "single_word": false,
        "special": true
      },
      "126308": {
        "content": "<|reserved_token_224|>",
        "lstrip": false,
        "normalized": false,
        "rstrip": false,
        "single_word": false,
        "special": true
      },
      "126309": {
        "content": "<|reserved_token_225|>",
        "lstrip": false,
        "normalized": false,
        "rstrip": false,
        "single_word": false,
        "special": true
      },
      "126310": {
        "content": "<|reserved_token_226|>",
        "lstrip": false,
        "normalized": false,
        "rstrip": false,
        "single_word": false,
        "special": true
      },
      "126311": {
        "content": "<|reserved_token_227|>",
        "lstrip": false,
        "normalized": false,
        "rstrip": false,
        "single_word": false,
        "special": true
      },
      "126312": {
        "content": "<|reserved_token_228|>",
        "lstrip": false,
        "normalized": false,
        "rstrip": false,
        "single_word": false,
        "special": true
      },
      "126313": {
        "content": "<|reserved_token_229|>",
        "lstrip": false,
        "normalized": false,
        "rstrip": false,
        "single_word": false,
        "special": true
      },
      "126314": {
        "content": "<|reserved_token_230|>",
        "lstrip": false,
        "normalized": false,
        "rstrip": false,
        "single_word": false,
        "special": true
      },
      "126315": {
        "content": "<|reserved_token_231|>",
        "lstrip": false,
        "normalized": false,
        "rstrip": false,
        "single_word": false,
        "special": true
      },
      "126316": {
        "content": "<|reserved_token_232|>",
        "lstrip": false,
        "normalized": false,
        "rstrip": false,
        "single_word": false,
        "special": true
      },
      "126317": {
        "content": "<|reserved_token_233|>",
        "lstrip": false,
        "normalized": false,
        "rstrip": false,
        "single_word": false,
        "special": true
      },
      "126318": {
        "content": "<|reserved_token_234|>",
        "lstrip": false,
        "normalized": false,
        "rstrip": false,
        "single_word": false,
        "special": true
      },
      "126319": {
        "content": "<|reserved_token_235|>",
        "lstrip": false,
        "normalized": false,
        "rstrip": false,
        "single_word": false,
        "special": true
      },
      "126320": {
        "content": "<|reserved_token_236|>",
        "lstrip": false,
        "normalized": false,
        "rstrip": false,
        "single_word": false,
        "special": true
      },
      "126321": {
        "content": "<|reserved_token_237|>",
        "lstrip": false,
        "normalized": false,
        "rstrip": false,
        "single_word": false,
        "special": true
      },
      "126322": {
        "content": "<|reserved_token_238|>",
        "lstrip": false,
        "normalized": false,
        "rstrip": false,
        "single_word": false,
        "special": true
      },
      "126323": {
        "content": "<|reserved_token_239|>",
        "lstrip": false,
        "normalized": false,
        "rstrip": false,
        "single_word": false,
        "special": true
      },
      "126324": {
        "content": "<|reserved_token_240|>",
        "lstrip": false,
        "normalized": false,
        "rstrip": false,
        "single_word": false,
        "special": true
      },
      "126325": {
        "content": "<|reserved_token_241|>",
        "lstrip": false,
        "normalized": false,
        "rstrip": false,
        "single_word": false,
        "special": true
      },
      "126326": {
        "content": "<|reserved_token_242|>",
        "lstrip": false,
        "normalized": false,
        "rstrip": false,
        "single_word": false,
        "special": true
      },
      "126327": {
        "content": "<|reserved_token_243|>",
        "lstrip": false,
        "normalized": false,
        "rstrip": false,
        "single_word": false,
        "special": true
      },
      "126328": {
        "content": "<|reserved_token_244|>",
        "lstrip": false,
        "normalized": false,
        "rstrip": false,
        "single_word": false,
        "special": true
      },
      "126329": {
        "content": "<|reserved_token_245|>",
        "lstrip": false,
        "normalized": false,
        "rstrip": false,
        "single_word": false,
        "special": true
      },
      "126330": {
        "content": "<|reserved_token_246|>",
        "lstrip": false,
        "normalized": false,
        "rstrip": false,
        "single_word": false,
        "special": true
      },
      "126331": {
        "content": "<|reserved_token_247|>",
        "lstrip": false,
        "normalized": false,
        "rstrip": false,
        "single_word": false,
        "special": true
      },
      "126332": {
        "content": "<|reserved_token_248|>",
        "lstrip": false,
        "normalized": false,
        "rstrip": false,
        "single_word": false,
        "special": true
      },
      "126333": {
        "content": "<|reserved_token_249|>",
        "lstrip": false,
        "normalized": false,
        "rstrip": false,
        "single_word": false,
        "special": true
      },
      "126334": {
        "content": "<|reserved_token_250|>",
        "lstrip": false,
        "normalized": false,
        "rstrip": false,
        "single_word": false,
        "special": true
      },
      "126335": {
        "content": "<|reserved_token_251|>",
        "lstrip": false,
        "normalized": false,
        "rstrip": false,
        "single_word": false,
        "special": true
      },
      "126336": {
        "content": "<|mdm_mask|>",
        "lstrip": false,
        "normalized": false,
        "rstrip": false,
        "single_word": false,
        "special": true
      },
      "126337": {
        "content": "<|reserved_token_253|>",
        "lstrip": false,
        "normalized": false,
        "rstrip": false,
        "single_word": false,
        "special": true
      },
      "126338": {
        "content": "<|reserved_token_254|>",
        "lstrip": false,
        "normalized": false,
        "rstrip": false,
        "single_word": false,
        "special": true
      },
      "126339": {
        "content": "<|reserved_token_255|>",
        "lstrip": false,
        "normalized": false,
        "rstrip": false,
        "single_word": false,
        "special": true
      },
      "126340": {
        "content": "<role>",
        "lstrip": false,
        "normalized": false,
        "rstrip": false,
        "single_word": false,
        "special": true
      },
      "126341": {
        "content": "</role>",
        "lstrip": false,
        "normalized": false,
        "rstrip": false,
        "single_word": false,
        "special": true
      },
      "126342": {
        "content": "<|arithmetic_start|>",
        "lstrip": false,
        "normalized": false,
        "rstrip": false,
        "single_word": false,
        "special": true
      },
      "126343": {
        "content": "<|arithmetic_end|>",
        "lstrip": false,
        "normalized": false,
        "rstrip": false,
        "single_word": false,
        "special": true
      },
      "126344": {
        "content": "<|number_start|>",
        "lstrip": false,
        "normalized": false,
        "rstrip": false,
        "single_word": false,
        "special": true
      },
      "126345": {
        "content": "<|number_end|>",
        "lstrip": false,
        "normalized": false,
        "rstrip": false,
        "single_word": false,
        "special": true
      },
      "126346": {
        "content": "<|start_header_id|>",
        "lstrip": false,
        "normalized": false,
        "rstrip": false,
        "single_word": false,
        "special": true
      },
      "126347": {
        "content": "<|end_header_id|>",
        "lstrip": false,
        "normalized": false,
        "rstrip": false,
        "single_word": false,
        "special": true
      },
      "126348": {
        "content": "<|eot_id|>",
        "lstrip": false,
        "normalized": false,
        "rstrip": false,
        "single_word": false,
        "special": true
      }
    },
    "additional_special_tokens": [
      "<role>",
      "</role>",
      "<|arithmetic_start|>",
      "<|arithmetic_end|>",
      "<|number_start|>",
      "<|number_end|>"
    ],
    "bos_token": "<|startoftext|>",
    "chat_template": "{% set loop_messages = messages %}{% for message in loop_messages %}{% set content = '<|start_header_id|>' + message['role'] + '<|end_header_id|>\n\n'+ message['content'] | trim + '<|eot_id|>' %}{% if loop.index0 == 0 %}{% set content = bos_token + content %}{% endif %}{{ content }}{% endfor %}{{ '<|start_header_id|>assistant<|end_header_id|>\n\n' }}",
    "clean_up_tokenization_spaces": false,
    "cls_token": "[CLS]",
    "eos_token": "<|endoftext|>",
    "fast_tokenizer": true,
    "gmask_token": "[gMASK]",
    "merges_file": null,
    "model_input_names": [
      "input_ids",
      "attention_mask"
    ],
    "model_max_length": 1000000000000000019884624838656,
    "pad_token": "<|endoftext|>",
    "tokenizer_class": "PreTrainedTokenizerFast",
    "trust_remote_code": true,
    "vocab_file": null
  }